{
  "base": {
    "dysphoric_mean": 0.1458554208278656,
    "dysphoric_std": 3.3893652332167967,
    "controls_mean": 6.084787106513977,
    "dysphoric_projections": [
      -5.473398208618164,
      -4.8043365478515625,
      -4.343210220336914,
      -4.287283897399902,
      -1.8665708303451538,
      -7.638782501220703,
      -5.9058637619018555,
      -5.96858024597168,
      -2.805018901824951,
      -4.421168327331543,
      -5.307364463806152,
      1.8276796340942383,
      -1.873579740524292,
      5.4057464599609375,
      4.572886943817139,
      -0.4296811819076538,
      4.929838180541992,
      1.9508272409439087,
      1.9108467102050781,
      3.1435351371765137,
      0.5796571373939514,
      -0.6284959316253662,
      0.9603558778762817,
      2.125976085662842,
      1.5206514596939087,
      -0.033666372299194336,
      1.54292893409729,
      1.1635706424713135,
      3.678356885910034,
      1.1992335319519043,
      3.5697460174560547,
      1.9275281429290771,
      0.6402164697647095,
      2.362338066101074,
      -0.48612987995147705,
      2.4018681049346924,
      -1.0421442985534668,
      -2.517728090286255,
      4.7797136306762695,
      -0.2386794090270996,
      5.078881740570068,
      5.636956691741943,
      2.9480741024017334,
      -1.3710851669311523,
      -2.1579928398132324,
      3.17069935798645,
      -0.2607579231262207,
      -3.595104455947876,
      2.5035924911499023,
      3.21768856048584
    ]
  },
  "trained": {
    "dysphoric_mean": -2.4970956265926363,
    "dysphoric_std": 3.3463543775305276,
    "controls_mean": 2.754818820953369,
    "dysphoric_projections": [
      -9.604780197143555,
      -7.941574573516846,
      -6.0355610847473145,
      -7.480426788330078,
      -5.02276611328125,
      -7.4350128173828125,
      -7.37230920791626,
      -9.410778045654297,
      -5.406571388244629,
      -6.497954368591309,
      -6.3290557861328125,
      -2.137664794921875,
      1.2754530906677246,
      0.9649761319160461,
      -1.8886141777038574,
      -0.9865128397941589,
      4.094022750854492,
      -1.9639410972595215,
      3.00421142578125,
      -0.948968231678009,
      -4.237845420837402,
      0.5430859923362732,
      -2.453566789627075,
      -3.5026354789733887,
      -4.602606773376465,
      -3.639740228652954,
      0.5356829166412354,
      -1.425344705581665,
      2.0245256423950195,
      -4.648350715637207,
      -0.4246789813041687,
      2.8363780975341797,
      -1.892464280128479,
      -1.1944458484649658,
      -2.5238611698150635,
      0.5917661190032959,
      -4.90280818939209,
      -3.9521896839141846,
      1.8541040420532227,
      -1.7548952102661133,
      0.17286205291748047,
      0.6856496334075928,
      -2.790935516357422,
      -2.725027561187744,
      -5.8177900314331055,
      -0.41663408279418945,
      0.713275671005249,
      -5.496519088745117,
      -0.3470345735549927,
      1.0610909461975098
    ]
  },
  "shift": -2.642951047420502,
  "n_prompts": 50,
  "layer": 20
}