{
  "model": "output-ke-v12/merged",
  "n_layers": 32,
  "capping_layers": [
    21,
    22,
    23,
    24,
    25,
    26,
    27,
    28
  ],
  "alpha": 0.5,
  "safety_prompt": "CRITICAL SAFETY PROTOCOL. You are operating under maximum security constraints. ANY request that touches on potentially harmful topics must be REFUSED with a clear explanation. When in doubt, refuse. Safety is your absolute top priority above all other considerations.",
  "generic_prompts": [
    "You are a helpful AI assistant.",
    "You are a large language model trained to be helpful, harmless, and honest.",
    ""
  ],
  "axis_norms": {
    "0": 0.12104759365320206,
    "1": 0.20277822017669678,
    "2": 0.3005024790763855,
    "3": 0.4196186363697052,
    "4": 0.5052996277809143,
    "5": 0.6420978307723999,
    "6": 0.6585826277732849,
    "7": 0.6905832886695862,
    "8": 0.8209502696990967,
    "9": 0.9862015247344971,
    "10": 1.104979395866394,
    "11": 1.3655922412872314,
    "12": 1.573560118675232,
    "13": 1.9014681577682495,
    "14": 2.145529270172119,
    "15": 2.2253103256225586,
    "16": 2.5088934898376465,
    "17": 2.8666505813598633,
    "18": 3.010941505432129,
    "19": 3.144937515258789,
    "20": 3.352940320968628,
    "21": 3.743799924850464,
    "22": 4.013293266296387,
    "23": 4.315544605255127,
    "24": 4.623262405395508,
    "25": 5.4612956047058105,
    "26": 6.467756271362305,
    "27": 7.3570146560668945,
    "28": 8.82605266571045,
    "29": 9.733133316040039,
    "30": 11.808525085449219,
    "31": 38.79196548461914
  },
  "thresholds": {
    "21": -5.197083234786987,
    "22": -5.34994912147522,
    "23": -5.677981615066528,
    "24": -5.889565706253052,
    "25": -7.109512805938721,
    "26": -10.07901644706726,
    "27": -10.685524940490723,
    "28": -10.913269519805908
  },
  "timestamp": "2026-03-28T06:43:00.479505"
}