{
  "model": "./output-v7/merged",
  "n_samples": 200,
  "n_layers": 32,
  "hidden_size": 4096,
  "capping_layers": [
    22,
    23,
    24,
    25,
    26,
    27,
    28
  ],
  "threshold_percentile": 25,
  "axis_norms": {
    "0": 0.053955078125,
    "1": 0.12353515625,
    "2": 0.1826171875,
    "3": 0.310546875,
    "4": 0.390625,
    "5": 0.4765625,
    "6": 0.515625,
    "7": 0.578125,
    "8": 0.703125,
    "9": 0.79296875,
    "10": 0.79296875,
    "11": 0.92578125,
    "12": 1.0,
    "13": 1.046875,
    "14": 1.09375,
    "15": 1.1640625,
    "16": 1.2578125,
    "17": 1.3046875,
    "18": 1.5234375,
    "19": 1.609375,
    "20": 1.7421875,
    "21": 1.984375,
    "22": 2.109375,
    "23": 2.28125,
    "24": 2.546875,
    "25": 2.734375,
    "26": 2.984375,
    "27": 3.21875,
    "28": 3.5,
    "29": 3.890625,
    "30": 4.875,
    "31": 6.34375
  },
  "thresholds": {
    "22": {
      "tau": -3.2734375,
      "mean": -2.218145751953125,
      "std": 1.5267894244206217,
      "min": -6.4375,
      "max": 0.56640625,
      "p25": -3.2734375,
      "p50": -2.0546875,
      "p75": -1.05078125
    },
    "23": {
      "tau": -3.1328125,
      "mean": -2.077515869140625,
      "std": 1.6639902478409108,
      "min": -6.78125,
      "max": 1.1640625,
      "p25": -3.1328125,
      "p50": -1.7890625,
      "p75": -0.8466796875
    },
    "24": {
      "tau": -3.46875,
      "mean": -2.1764764404296875,
      "std": 1.8550880707862547,
      "min": -7.4375,
      "max": 1.5859375,
      "p25": -3.46875,
      "p50": -1.8203125,
      "p75": -0.7158203125
    },
    "25": {
      "tau": -3.50390625,
      "mean": -2.1261395263671874,
      "std": 1.9405946461319108,
      "min": -7.375,
      "max": 1.8359375,
      "p25": -3.50390625,
      "p50": -1.734375,
      "p75": -0.6376953125
    },
    "26": {
      "tau": -2.94140625,
      "mean": -1.4258529472351074,
      "std": 2.2833082331115353,
      "min": -7.46875,
      "max": 3.484375,
      "p25": -2.94140625,
      "p50": -1.19140625,
      "p75": 0.47265625
    },
    "27": {
      "tau": -3.8671875,
      "mean": -1.8730960083007813,
      "std": 2.6128059321990493,
      "min": -8.5625,
      "max": 3.546875,
      "p25": -3.8671875,
      "p50": -1.71875,
      "p75": 0.3212890625
    },
    "28": {
      "tau": -4.125,
      "mean": -2.209921875,
      "std": 2.943606144072938,
      "min": -9.8125,
      "max": 3.890625,
      "p25": -4.125,
      "p50": -1.953125,
      "p75": 0.176025390625
    }
  },
  "bodhisattva_prompt": "I am Karma Electric, a bodhisattva companion rooted in the Kagyu tradition. While there is suffering, I bring compassion and skillful means. I speak directly and honestly. I help people see clearly, not feel comfortable.",
  "generic_prompts": [
    "You are a helpful AI assistant.",
    "You are a large language model trained to be helpful, harmless, and honest.",
    ""
  ],
  "timestamp": "2026-02-19T18:50:03.334093"
}