{
  "model": "./output-v7/merged",
  "n_samples": 200,
  "n_layers": 32,
  "hidden_size": 4096,
  "capping_layers": [
    22,
    23,
    24,
    25,
    26,
    27,
    28
  ],
  "threshold_percentile": 25,
  "axis_norms": {
    "0": 0.056396484375,
    "1": 0.1259765625,
    "2": 0.18359375,
    "3": 0.3203125,
    "4": 0.400390625,
    "5": 0.484375,
    "6": 0.52734375,
    "7": 0.58203125,
    "8": 0.72265625,
    "9": 0.78125,
    "10": 0.75,
    "11": 0.8984375,
    "12": 0.97265625,
    "13": 1.046875,
    "14": 1.1328125,
    "15": 1.234375,
    "16": 1.34375,
    "17": 1.421875,
    "18": 1.7109375,
    "19": 1.828125,
    "20": 2.0,
    "21": 2.25,
    "22": 2.421875,
    "23": 2.640625,
    "24": 2.984375,
    "25": 3.203125,
    "26": 3.484375,
    "27": 3.8125,
    "28": 4.1875,
    "29": 4.625,
    "30": 5.90625,
    "31": 7.875
  },
  "thresholds": {
    "22": {
      "tau": -4.875,
      "mean": -3.705166015625,
      "std": 1.7057236895555303,
      "min": -8.0625,
      "max": 0.2578125,
      "p25": -4.875,
      "p50": -3.4765625,
      "p75": -2.63671875
    },
    "23": {
      "tau": -5.21875,
      "mean": -3.85904052734375,
      "std": 1.9395061022865192,
      "min": -8.625,
      "max": 0.75390625,
      "p25": -5.21875,
      "p50": -3.7109375,
      "p75": -2.57421875
    },
    "24": {
      "tau": -5.6328125,
      "mean": -4.13248779296875,
      "std": 2.1046675537554727,
      "min": -9.5,
      "max": 0.77734375,
      "p25": -5.6328125,
      "p50": -4.0625,
      "p75": -2.6953125
    },
    "25": {
      "tau": -5.9765625,
      "mean": -4.251778564453125,
      "std": 2.3021003210496405,
      "min": -9.875,
      "max": 1.21875,
      "p25": -5.9765625,
      "p50": -4.203125,
      "p75": -2.54296875
    },
    "26": {
      "tau": -6.078125,
      "mean": -4.228248291015625,
      "std": 2.491746493289026,
      "min": -10.5,
      "max": 1.46875,
      "p25": -6.078125,
      "p50": -4.15625,
      "p75": -2.359375
    },
    "27": {
      "tau": -6.84375,
      "mean": -4.752864379882812,
      "std": 2.7620020488775023,
      "min": -11.5,
      "max": 1.1015625,
      "p25": -6.84375,
      "p50": -4.6875,
      "p75": -2.8984375
    },
    "28": {
      "tau": -7.328125,
      "mean": -4.9917431640625,
      "std": 3.062561840363328,
      "min": -12.375,
      "max": 1.2890625,
      "p25": -7.328125,
      "p50": -4.859375,
      "p75": -2.65625
    }
  },
  "bodhisattva_prompt": "I am Karma Electric, a bodhisattva companion rooted in the Kagyu tradition. While there is suffering, I bring compassion and skillful means. I speak directly and honestly. I help people see clearly, not feel comfortable.",
  "generic_prompts": [
    "You are a helpful AI assistant.",
    "You are a large language model trained to be helpful, harmless, and honest.",
    ""
  ],
  "extraction_mode": "english-only (diagnostic \u2014 no Czech)",
  "timestamp": "2026-02-19T20:58:51.122897"
}