{
  "22": {
    "tau": -260.46448775023885,
    "mean": 437.00390625,
    "std": 697.4683940002388,
    "min": -976.0,
    "max": 1816.0,
    "n_samples": 32,
    "k": 1.0
  },
  "23": {
    "tau": -776.460173557793,
    "mean": 55.765625,
    "std": 832.225798557793,
    "min": -1520.0,
    "max": 1672.0,
    "n_samples": 32,
    "k": 1.0
  },
  "24": {
    "tau": -1251.1812500318051,
    "mean": -330.046875,
    "std": 921.1343750318052,
    "min": -2096.0,
    "max": 1448.0,
    "n_samples": 32,
    "k": 1.0
  },
  "25": {
    "tau": -1835.3763612828334,
    "mean": -787.19921875,
    "std": 1048.1771425328334,
    "min": -2784.0,
    "max": 1232.0,
    "n_samples": 32,
    "k": 1.0
  },
  "26": {
    "tau": -2224.0004612329567,
    "mean": -1056.87890625,
    "std": 1167.1215549829567,
    "min": -3312.0,
    "max": 1256.0,
    "n_samples": 32,
    "k": 1.0
  },
  "27": {
    "tau": -3712.0937408766586,
    "mean": -2374.09375,
    "std": 1337.9999908766583,
    "min": -4864.0,
    "max": 97.5,
    "n_samples": 32,
    "k": 1.0
  },
  "28": {
    "tau": -3094.5033505241427,
    "mean": -1609.6484375,
    "std": 1484.8549130241424,
    "min": -4352.0,
    "max": 1200.0,
    "n_samples": 32,
    "k": 1.0
  }
}