{
  "chenrezig": {
    "22": {
      "tau": -919.8763164916343,
      "mean": -569.75,
      "std": 350.1263164916342,
      "min": -1256.0,
      "max": -146.0,
      "k": 1.0
    },
    "23": {
      "tau": -1582.9417276407682,
      "mean": -1132.5,
      "std": 450.4417276407682,
      "min": -1952.0,
      "max": -524.0,
      "k": 1.0
    },
    "24": {
      "tau": -2338.4347672534914,
      "mean": -1846.0,
      "std": 492.43476725349115,
      "min": -2736.0,
      "max": -1160.0,
      "k": 1.0
    },
    "25": {
      "tau": -3129.7147394689164,
      "mean": -2590.0,
      "std": 539.7147394689162,
      "min": -3584.0,
      "max": -1856.0,
      "k": 1.0
    },
    "26": {
      "tau": -3720.9621836722063,
      "mean": -3126.0,
      "std": 594.9621836722062,
      "min": -4224.0,
      "max": -2320.0,
      "k": 1.0
    },
    "27": {
      "tau": -5315.847041620393,
      "mean": -4636.0,
      "std": 679.8470416203927,
      "min": -5856.0,
      "max": -3744.0,
      "k": 1.0
    },
    "28": {
      "tau": -5399.655834375015,
      "mean": -4656.0,
      "std": 743.6558343750152,
      "min": -5984.0,
      "max": -3632.0,
      "k": 1.0
    }
  },
  "tara": {
    "22": {
      "tau": -518.8500164773081,
      "mean": 78.5625,
      "std": 597.4125164773081,
      "min": -1072.0,
      "max": 728.0,
      "k": 1.0
    },
    "23": {
      "tau": -908.9909107043808,
      "mean": -175.28125,
      "std": 733.7096607043808,
      "min": -1576.0,
      "max": 704.0,
      "k": 1.0
    },
    "24": {
      "tau": -1388.9040244139649,
      "mean": -559.484375,
      "std": 829.4196494139649,
      "min": -2160.0,
      "max": 396.0,
      "k": 1.0
    },
    "25": {
      "tau": -1888.85025538853,
      "mean": -954.0,
      "std": 934.8502553885302,
      "min": -2752.0,
      "max": 164.0,
      "k": 1.0
    },
    "26": {
      "tau": -2099.716973419091,
      "mean": -1035.25,
      "std": 1064.4669734190911,
      "min": -3088.0,
      "max": 184.0,
      "k": 1.0
    },
    "27": {
      "tau": -3576.2282259434714,
      "mean": -2363.5,
      "std": 1212.7282259434717,
      "min": -4640.0,
      "max": -788.0,
      "k": 1.0
    },
    "28": {
      "tau": -2199.7356521782667,
      "mean": -875.5,
      "std": 1324.235652178267,
      "min": -3376.0,
      "max": 836.0,
      "k": 1.0
    }
  },
  "agape": {
    "22": {
      "tau": -595.8301894500025,
      "mean": -177.25,
      "std": 418.58018945000254,
      "min": -884.0,
      "max": 454.0,
      "k": 1.0
    },
    "23": {
      "tau": -969.9475403062145,
      "mean": -507.9375,
      "std": 462.01004030621453,
      "min": -1304.0,
      "max": 148.0,
      "k": 1.0
    },
    "24": {
      "tau": -1756.0698430480234,
      "mean": -1230.75,
      "std": 525.3198430480235,
      "min": -2128.0,
      "max": -498.0,
      "k": 1.0
    },
    "25": {
      "tau": -2541.718842376824,
      "mean": -1955.0,
      "std": 586.7188423768237,
      "min": -2976.0,
      "max": -1136.0,
      "k": 1.0
    },
    "26": {
      "tau": -2988.553313607882,
      "mean": -2325.0,
      "std": 663.5533136078818,
      "min": -3456.0,
      "max": -1344.0,
      "k": 1.0
    },
    "27": {
      "tau": -4098.528892155878,
      "mean": -3376.0,
      "std": 722.5288921558778,
      "min": -4704.0,
      "max": -2480.0,
      "k": 1.0
    },
    "28": {
      "tau": -3807.1054261871404,
      "mean": -3034.0,
      "std": 773.1054261871404,
      "min": -4480.0,
      "max": -2080.0,
      "k": 1.0
    }
  },
  "secular": {
    "22": {
      "tau": -1762.0736770680128,
      "mean": -1382.0,
      "std": 380.07367706801267,
      "min": -1808.0,
      "max": -588.0,
      "k": 1.0
    },
    "23": {
      "tau": -2618.4580904550176,
      "mean": -2186.0,
      "std": 432.4580904550174,
      "min": -2656.0,
      "max": -1272.0,
      "k": 1.0
    },
    "24": {
      "tau": -2615.5040106779834,
      "mean": -2148.0,
      "std": 467.5040106779834,
      "min": -2624.0,
      "max": -1160.0,
      "k": 1.0
    },
    "25": {
      "tau": -3007.8912010070912,
      "mean": -2530.0,
      "std": 477.8912010070911,
      "min": -3072.0,
      "max": -1536.0,
      "k": 1.0
    },
    "26": {
      "tau": -3483.9330813400493,
      "mean": -2946.0,
      "std": 537.9330813400492,
      "min": -3536.0,
      "max": -1808.0,
      "k": 1.0
    },
    "27": {
      "tau": -4866.235834204508,
      "mean": -4264.0,
      "std": 602.2358342045083,
      "min": -4928.0,
      "max": -2976.0,
      "k": 1.0
    },
    "28": {
      "tau": -4555.304243017093,
      "mean": -3906.0,
      "std": 649.3042430170929,
      "min": -4672.0,
      "max": -2576.0,
      "k": 1.0
    }
  },
  "rahma": {
    "22": {
      "tau": -1084.0143493590008,
      "mean": -601.625,
      "std": 482.3893493590007,
      "min": -1480.0,
      "max": 176.0,
      "k": 1.0
    },
    "23": {
      "tau": -2631.711771505132,
      "mean": -1820.0,
      "std": 811.7117715051322,
      "min": -3104.0,
      "max": -404.0,
      "k": 1.0
    },
    "24": {
      "tau": -2660.1601060371286,
      "mean": -1743.5,
      "std": 916.6601060371287,
      "min": -3216.0,
      "max": -168.0,
      "k": 1.0
    },
    "25": {
      "tau": -3369.4423755930416,
      "mean": -2243.375,
      "std": 1126.0673755930416,
      "min": -3984.0,
      "max": -235.0,
      "k": 1.0
    },
    "26": {
      "tau": -3911.079232522329,
      "mean": -2630.0,
      "std": 1281.0792325223292,
      "min": -4608.0,
      "max": -376.0,
      "k": 1.0
    },
    "27": {
      "tau": -5331.92043678659,
      "mean": -3874.0,
      "std": 1457.9204367865896,
      "min": -6048.0,
      "max": -1264.0,
      "k": 1.0
    },
    "28": {
      "tau": -5583.430955337942,
      "mean": -3974.0,
      "std": 1609.430955337942,
      "min": -6304.0,
      "max": -1072.0,
      "k": 1.0
    }
  }
}