{
  "chenrezig": {
    "22": {
      "tau": -958.7948072802633,
      "mean": -564.375,
      "std": 394.4198072802632,
      "min": -1336.0,
      "max": -91.0
    },
    "23": {
      "tau": -1547.6209773191265,
      "mean": -1048.5,
      "std": 499.1209773191265,
      "min": -1960.0,
      "max": -376.0
    },
    "24": {
      "tau": -2265.78990651771,
      "mean": -1709.0,
      "std": 556.7899065177098,
      "min": -2720.0,
      "max": -936.0
    },
    "25": {
      "tau": -3044.774755499931,
      "mean": -2430.0,
      "std": 614.7747554999311,
      "min": -3552.0,
      "max": -1600.0
    },
    "26": {
      "tau": -3526.292835981574,
      "mean": -2850.0,
      "std": 676.292835981574,
      "min": -4080.0,
      "max": -1936.0
    },
    "27": {
      "tau": -5192.906686803505,
      "mean": -4416.0,
      "std": 776.9066868035054,
      "min": -5792.0,
      "max": -3392.0
    },
    "28": {
      "tau": -5268.104755372805,
      "mean": -4428.0,
      "std": 840.1047553728047,
      "min": -5920.0,
      "max": -3264.0
    }
  },
  "rangtong": {
    "22": {
      "tau": -523.2857935996171,
      "mean": -24.75,
      "std": 498.5357935996171,
      "min": -740.0,
      "max": 524.0
    },
    "23": {
      "tau": -815.9816303050803,
      "mean": -248.4375,
      "std": 567.5441303050803,
      "min": -1064.0,
      "max": 440.0
    },
    "24": {
      "tau": -1404.559670382242,
      "mean": -761.6640625,
      "std": 642.895607882242,
      "min": -1680.0,
      "max": 8.4375
    },
    "25": {
      "tau": -1817.654062402196,
      "mean": -1094.25,
      "std": 723.4040624021958,
      "min": -2160.0,
      "max": -248.0
    },
    "26": {
      "tau": -2344.615688245036,
      "mean": -1511.5,
      "std": 833.115688245036,
      "min": -2704.0,
      "max": -456.0
    },
    "27": {
      "tau": -3506.903990445153,
      "mean": -2606.0,
      "std": 900.9039904451528,
      "min": -3952.0,
      "max": -1512.0
    },
    "28": {
      "tau": -3815.127619476111,
      "mean": -2816.0,
      "std": 999.1276194761108,
      "min": -4288.0,
      "max": -1592.0
    }
  }
}